Team,Pos.,FIFA Popular Name,Birth Date,Age,Shirt Name,Club,Height,Weight
Argentina,GK,GUZMAN Nahuel,10/02/1986,32,GUZMÁN,Tigres UANL (MEX),192,90
Argentina,DF,MERCADO Gabriel,18/03/1987,31,MERCADO,Sevilla FC (ESP),181,81
Argentina,DF,TAGLIAFICO Nicolas,31/08/1992,25,TAGLIAFICO,AFC Ajax (NED),169,65
Argentina,DF,ANSALDI Cristian,20/09/1986,31,ANSALDI,Torino FC (ITA),181,73
Argentina,MF,BIGLIA Lucas,30/01/1986,32,BIGLIA,AC Milan (ITA),175,73
Argentina,DF,FAZIO Federico,17/03/1987,31,FAZIO,AS Roma (ITA),199,85
Argentina,MF,BANEGA Ever,29/06/1988,29,BANEGA,Sevilla FC (ESP),175,73
Argentina,DF,ACUNA Marcos,28/10/1991,26,ACUÑA,Sporting CP (POR),172,77
Argentina,FW,HIGUAIN Gonzalo,10/12/1987,30,HIGUAÍN,Juventus FC (ITA),184,75
Argentina,FW,MESSI Lionel,24/06/1987,30,MESSI,FC Barcelona (ESP),170,72
Argentina,MF,DI MARIA Angel,14/02/1988,30,DI MARÍA,Paris Saint-Germain FC (FRA),178,75
Argentina,GK,ARMANI Franco,16/10/1986,31,ARMANI,CA River Plate (ARG),189,85
Argentina,MF,MEZA Maximiliano,15/12/1992,25,MEZA,CA Independiente (ARG),180,76
Argentina,DF,MASCHERANO Javier,08/06/1984,34,MASCHERANO,Hebei China Fortune FC (CHN),174,73
Argentina,MF,LANZINI Manuel,15/02/1993,25,LANZINI,West Ham United FC (ENG),167,66
Argentina,DF,ROJO Marcos,20/03/1990,28,ROJO,Manchester United FC (ENG),189,82
Argentina,DF,OTAMENDI Nicolas,12/02/1988,30,OTAMENDI,Manchester City FC (ENG),181,81
Argentina,DF,SALVIO Eduardo,13/07/1990,27,SALVIO,SL Benfica (POR),167,69
Argentina,FW,AGUERO Sergio,02/06/1988,30,AGÜERO,Manchester City FC (ENG),172,74
Argentina,MF,LO CELSO Giovani,09/04/1996,22,LO CELSO,Paris Saint-Germain FC (FRA),177,75
Argentina,FW,DYBALA Paulo,15/11/1993,24,DYBALA,Juventus FC (ITA),177,73
Argentina,MF,PAVON Cristian,21/01/1996,22,PAVÓN,CA Boca Juniors (ARG),169,65
Argentina,GK,CABALLERO Wilfredo,28/09/1981,36,CABALLERO,Chelsea FC (ENG),186,80
Australia,GK,RYAN Mathew,08/04/1992,26,RYAN,Brighton & Hove Albion FC (ENG),184,82
Australia,DF,DEGENEK Milos,28/04/1994,24,DEGENEK,Yokohama F-Marinos (JPN),187,85
Australia,DF,MEREDITH James,05/04/1988,30,MEREDITH,Millwall FC (ENG),179,71
Australia,FW,CAHILL Tim,06/12/1979,38,CAHILL,Millwall FC (ENG),180,76
Australia,DF,MILLIGAN Mark,04/08/1985,32,MILLIGAN,Al Ahli SC (KSA),178,78
Australia,DF,JURMAN Matthew,08/12/1989,28,JURMAN,Suwon Samsung Bluewings FC (KOR),190,83
Australia,FW,LECKIE Mathew,04/02/1991,27,LECKIE,Hertha BSC (GER),181,84
Australia,MF,LUONGO Massimo,25/09/1992,25,LUONGO,Queens Park Rangers FC (ENG),176,76
Australia,FW,JURIC Tomi,22/07/1991,26,JURIC,FC Luzern (SUI),190,80
Australia,FW,KRUSE Robbie,05/10/1988,29,KRUSE,VfL Bochum (GER),180,66
Australia,FW,NABBOUT Andrew,17/12/1992,25,NABBOUT,Urawa Reds (JPN),178,85
Australia,GK,JONES Brad,19/03/1982,36,JONES,Feyenoord Rotterdam (NED),193,87
Australia,MF,MOOY Aaron,15/09/1990,27,MOOY,Huddersfield Town FC (ENG),173,72
Australia,FW,MacLAREN Jamie,29/07/1993,24,MACLAREN,Hibernian FC (SCO),178,72
Australia,MF,JEDINAK Mile,03/08/1984,33,JEDINAK,Aston Villa FC (ENG),188,78
Australia,DF,BEHICH Aziz,16/12/1990,27,BEHICH,Bursaspor (TUR),170,63
Australia,FW,ARZANI Daniel,04/01/1999,19,ARZANI,Melbourne City FC (AUS),171,73
Australia,GK,VUKOVIC Danny,27/03/1985,33,VUKOVIC,KRC Genk (BEL),187,94
Australia,DF,RISDON Joshua,27/07/1992,25,RISDON,WS Wanderers FC (AUS),169,70
Australia,DF,SAINSBURY Trent,05/01/1992,26,SAINSBURY,Grasshopper Club (SUI),183,76
Australia,FW,PETRATOS Dimitrios,10/11/1992,25,PETRATOS,Newcastle United Jets FC (AUS),176,72
Australia,MF,IRVINE Jackson,07/03/1993,25,IRVINE,Hull City FC (ENG),180,77
Australia,MF,ROGIC Tom,16/12/1992,25,ROGIC,Celtic FC (SCO),189,88
Belgium,GK,COURTOIS Thibaut,11/05/1992,26,COURTOIS,Chelsea FC (ENG),199,91
Belgium,DF,ALDERWEIRELD Toby,02/03/1989,29,ALDERWEIRELD,Tottenham Hotspur FC (ENG),186,81
Belgium,DF,VERMAELEN Thomas,14/11/1985,32,VERMAELEN,FC Barcelona (ESP),183,80
Belgium,DF,KOMPANY Vincent,10/04/1986,32,KOMPANY,Manchester City FC (ENG),190,85
Belgium,DF,VERTONGHEN Jan,24/04/1987,31,VERTONGHEN,Tottenham Hotspur FC (ENG),189,86
Belgium,MF,WITSEL Axel,12/01/1989,29,WITSEL,Tianjin Quanjian FC (CHN),186,73
Belgium,MF,DE BRUYNE Kevin,28/06/1991,26,DE BRUYNE,Manchester City FC (ENG),181,70
Belgium,MF,FELLAINI Marouane,22/11/1987,30,FELLAINI,Manchester United FC (ENG),194,85
Belgium,FW,LUKAKU Romelu,13/05/1993,25,R. LUKAKU,Manchester United FC (ENG),190,94
Belgium,FW,HAZARD Eden,07/01/1991,27,E. HAZARD,Chelsea FC (ENG),173,74
Belgium,MF,CARRASCO Yannick,04/09/1993,24,CARRASCO,Dalian Yifang FC (CHN),180,67
Belgium,GK,MIGNOLET Simon,06/03/1988,30,MIGNOLET,Liverpool FC (ENG),193,87
Belgium,GK,CASTEELS Koen,25/06/1992,25,CASTEELS,VfL Wolfsburg (GER),197,86
Belgium,FW,MERTENS Dries,06/05/1987,31,MERTENS,SSC Napoli (ITA),169,61
Belgium,DF,MEUNIER Thomas,12/09/1991,26,MEUNIER,Paris Saint-Germain FC (FRA),190,88
Belgium,MF,HAZARD Thorgan,29/03/1993,25,T. HAZARD,VfL Borussia Mönchengladbach (GER),174,70
Belgium,MF,TIELEMANS Youri,07/05/1997,21,TIELEMANS,AS Monaco (FRA),176,72
Belgium,FW,JANUZAJ Adnan,05/02/1995,23,JANUZAJ,Real Sociedad (ESP),180,75
Belgium,MF,DEMBELE Moussa,16/07/1987,30,DEMBELE,Tottenham Hotspur FC (ENG),185,82
Belgium,DF,BOYATA Dedryck,28/11/1990,27,BOYATA,Celtic FC (SCO),188,84
Belgium,FW,BATSHUAYI Michy,02/10/1993,24,BATSHUAYI,Borussia Dortmund (GER),185,78
Belgium,MF,CHADLI Nacer,02/08/1989,28,CHADLI,West Bromwich Albion FC (ENG),187,85
Belgium,DF,DENDONCKER Leander,15/04/1995,23,DENDONCKER,RSC Anderlecht (BEL),188,76
Brazil,GK,ALISSON,02/10/1992,25,A. BECKER,AS Roma (ITA),193,91
Brazil,DF,THIAGO SILVA,22/09/1984,33,T. SILVA,Paris Saint-Germain FC (FRA),183,79
Brazil,DF,MIRANDA,07/09/1984,33,MIRANDA,FC Internazionale (ITA),186,78
Brazil,DF,PEDRO GEROMEL,21/09/1985,32,GEROMEL,Grêmio FBPA (BRA),190,84
Brazil,MF,CASEMIRO,23/02/1992,26,CASEMIRO,Real Madrid CF (ESP),185,84
Brazil,DF,FILIPE LUIS,09/08/1985,32,FILIPE LUIS,Atletico Madrid (ESP),182,73
Brazil,FW,DOUGLAS COSTA,14/09/1990,27,D. COSTA,Juventus FC (ITA),182,70
Brazil,MF,RENATO AUGUSTO,08/02/1988,30,R. AUGUSTO,Beijing Guoan (CHN),186,86
Brazil,FW,GABRIEL JESUS,03/04/1997,21,G. JESUS,Manchester City FC (ENG),175,73
Brazil,FW,NEYMAR,05/02/1992,26,NEYMAR JR,Paris Saint-Germain FC (FRA),175,68
Brazil,MF,PHILIPPE COUTINHO,12/06/1992,26,P. COUTINHO,FC Barcelona (ESP),172,68
Brazil,DF,MARCELO,12/05/1988,30,MARCELO,Real Madrid CF (ESP),174,80
Brazil,DF,MARQUINHOS,14/05/1994,24,MARQUINHOS,Paris Saint-Germain FC (FRA),183,75
Brazil,DF,DANILO,15/07/1991,26,DANILO,Manchester City FC (ENG),184,78
Brazil,MF,PAULINHO,25/07/1988,29,PAULINHO,FC Barcelona (ESP),181,81
Brazil,GK,CASSIO,06/06/1987,31,CASSIO,SC Corinthians (BRA),195,92
Brazil,MF,FERNANDINHO,04/05/1985,33,FERNANDINHO,Manchester City FC (ENG),179,67
Brazil,MF,FRED,05/03/1993,25,FRED,FC Shakhtar Donetsk (UKR),169,64
Brazil,MF,WILLIAN,09/08/1988,29,WILLIAN,Chelsea FC (ENG),175,77
Brazil,FW,ROBERTO FIRMINO,02/10/1991,26,FIRMINO,Liverpool FC (ENG),181,76
Brazil,FW,TAISON,13/01/1988,30,TAISON,FC Shakhtar Donetsk (UKR),172,64
Brazil,DF,FAGNER,11/06/1989,29,FAGNER,SC Corinthians (BRA),168,67
Brazil,GK,EDERSON,17/08/1993,24,EDERSON,Manchester City FC (ENG),188,86
Colombia,GK,OSPINA David,31/08/1988,29,OSPINA,Arsenal FC (ENG),183,80
Colombia,DF,ZAPATA Cristian,30/09/1986,31,C. ZAPATA,AC Milan (ITA),187,82
Colombia,DF,MURILLO Oscar,18/04/1988,30,O. MURILLO,CF Pachuca (MEX),184,80
Colombia,DF,ARIAS Santiago,13/01/1992,26,ARIAS,PSV Eindhoven (NED),177,71
Colombia,MF,BARRIOS  Wilmar,16/10/1993,24,BARRIOS,CA Boca Juniors (ARG),178,74
Colombia,MF,SANCHEZ Carlos,06/02/1986,32,C. SANCHEZ,RCD Espanyol (ESP),182,82
Colombia,FW,BACCA Carlos,08/09/1986,31,BACCA,Villarreal CF (ESP),181,77
Colombia,MF,AGUILAR Abel,06/01/1985,33,AGUILAR T.,AC Deportivo Cali (COL),185,82
Colombia,FW,FALCAO Radamel,10/02/1986,32,FALCAO,AS Monaco (FRA),177,72
Colombia,MF,RODRIGUEZ James,12/07/1991,26,JAMES,FC Bayern München (GER),180,75
Colombia,MF,CUADRADO Juan,26/05/1988,30,CUADRADO,Juventus FC (ITA),179,72
Colombia,GK,VARGAS Camilo,09/03/1989,29,C. VARGAS,AC Deportivo Cali (COL),185,80
Colombia,DF,MINA Yerry,23/09/1994,23,Y. MINA,FC Barcelona (ESP),194,95
Colombia,FW,MURIEL Luis,16/04/1991,27,L. MURIEL,Sevilla FC (ESP),178,79
Colombia,MF,URIBE Mateus,21/03/1991,27,M. URIBE,Club América (MEX),182,71
Colombia,MF,LERMA Jefferson,25/10/1994,23,J. LERMA,Levante UD (ESP),179,70
Colombia,DF,MOJICA Johan,21/08/1992,25,J. MOJICA,Girona FC (ESP),185,66
Colombia,DF,FABRA Frank,22/02/1991,27,FABRA,CA Boca Juniors (ARG),172,72
Colombia,FW,BORJA Miguel,26/01/1993,25,M. BORJA,SE Palmeiras (BRA),183,74
Colombia,MF,QUINTERO Juan,18/01/1993,25,J. QUINTERO,CA River Plate (ARG),169,64
Colombia,FW,IZQUIERDO Jose,07/07/1992,25,IZQUIERDO,Brighton & Hove Albion FC (ENG),171,73
Colombia,GK,CUADRADO Jose,01/06/1985,33,J.F. CUADRADO,CD Once Caldas (COL),180,80
Colombia,DF,SANCHEZ Davinson,12/06/1996,22,D. SANCHEZ,Tottenham Hotspur FC (ENG),187,81
Costa Rica,GK,NAVAS Keylor,15/12/1986,31,K. NAVAS,Real Madrid CF (ESP),185,80
Costa Rica,DF,ACOSTA Johnny,21/07/1983,34,J. ACOSTA,Rionegro Águilas (COL),176,75
Costa Rica,DF,GONZALEZ Giancarlo,08/02/1988,30,G. GONZALEZ,Bologna FC (ITA),186,78
Costa Rica,DF,SMITH Ian,06/03/1998,20,I. SMITH,IFK Norrkoping FK (SWE),177,68
Costa Rica,MF,BORGES Celso,27/05/1988,30,C. BORGES,Deportivo La Coruña (ESP),187,79
Costa Rica,DF,DUARTE Oscar,03/06/1989,29,O. DUARTE,RCD Espanyol (ESP),186,81
Costa Rica,MF,BOLANOS Christian,17/05/1984,34,C. BOLAÑOS,Deportivo Saprissa (CRC),178,67
Costa Rica,DF,OVIEDO Bryan,18/02/1990,28,B. OVIEDO,Sunderland AFC (ENG),172,70
Costa Rica,MF,COLINDRES Daniel,10/01/1985,33,D. COLINDRES,Deportivo Saprissa (CRC),180,75
Costa Rica,MF,RUIZ Bryan,18/08/1985,32,BRYAN,Sporting CP (POR),187,73
Costa Rica,FW,VENEGAS Johan,27/11/1988,29,J. VENEGAS,Deportivo Saprissa (CRC),183,76
Costa Rica,FW,CAMPBELL Joel,26/06/1992,25,J. CAMPBELL,Real Betis (ESP),178,71
Costa Rica,MF,WALLACE Rodney,17/06/1988,30,R. WALLACE,New York City FC (USA),180,70
Costa Rica,MF,AZOFEIFA Randall,30/12/1984,33,R. AZOFEIFA,CS Herediano (CRC),182,83
Costa Rica,DF,CALVO Francisco,08/07/1992,25,F. CALVO,Minnesota United FC (USA),180,78
Costa Rica,DF,GAMBOA Cristian,24/10/1989,28,C. GAMBOA,Celtic FC (SCO),175,67
Costa Rica,MF,TEJEDA Yeltsin,17/03/1992,26,Y. TEJEDA,FC Lausanne-Sport (SUI),179,67
Costa Rica,GK,PEMBERTON Patrick,24/04/1982,36,P. PEMBERTON,LD Alajuelense (CRC),178,72
Costa Rica,DF,WASTON Kendall,01/01/1988,30,K. WASTON,Vancouver Whitecaps FC (CAN),196,87
Costa Rica,MF,GUZMAN David,18/02/1990,28,D. GUZMAN,Portland Timbers (USA),176,78
Costa Rica,FW,URENA Marcos,05/03/1990,28,M. UREÑA,Los Angeles FC (USA),181,70
Costa Rica,DF,MATARRITA Ronald,09/07/1994,23,R. MATARRITA,New York City FC (USA),175,70
Costa Rica,GK,MOREIRA Leonel,02/04/1990,28,L. MOREIRA,CS Herediano (CRC),179,70
Croatia,GK,LIVAKOVIC Dominik,09/01/1995,23,LIVAKOVIĆ,GNK Dinamo Zagreb (CRO),188,82
Croatia,DF,VRSALJKO Sime,10/01/1992,26,VRSALJKO,Atletico Madrid (ESP),181,76
Croatia,DF,STRINIC Ivan,17/07/1987,30,STRINIĆ,UC Sampdoria (ITA),186,78
Croatia,FW,PERISIC Ivan,02/02/1989,29,PERIŠIĆ,FC Internazionale (ITA),186,81
Croatia,DF,CORLUKA Vedran,05/02/1986,32,ĆORLUKA,FC Lokomotiv Moscow (RUS),192,84
Croatia,DF,LOVREN Dejan,05/07/1989,28,LOVREN,Liverpool FC (ENG),188,84
Croatia,MF,RAKITIC Ivan,10/03/1988,30,RAKITIĆ,FC Barcelona (ESP),184,78
Croatia,MF,KOVACIC Mateo,06/05/1994,24,KOVAČIĆ,Real Madrid CF (ESP),178,78
Croatia,FW,KRAMARIC Andrej,19/06/1991,27,KRAMARIĆ,TSG 1899 Hoffenheim (GER),177,73
Croatia,MF,MODRIC Luka,09/09/1985,32,MODRIĆ,Real Madrid CF (ESP),172,66
Croatia,MF,BROZOVIC Marcelo,16/11/1992,25,BROZOVIĆ,FC Internazionale (ITA),181,68
Croatia,GK,KALINIC Lovre,03/04/1990,28,L. KALINIĆ,KAA Gent (BEL),201,96
Croatia,DF,JEDVAJ Tin,28/11/1995,22,JEDVAJ,Bayer 04 Leverkusen (GER),184,81
Croatia,MF,BRADARIC Filip,11/01/1992,26,BRADARIĆ,HNK Rijeka (CRO),186,78
Croatia,DF,CALETA-CAR Duje,17/09/1996,21,ĆALETA-CAR,FC Red Bull Salzburg (AUT),192,89
Croatia,FW,KALINIC Nikola,05/01/1988,30,N. KALINIĆ,AC Milan (ITA),187,81
Croatia,FW,MANDZUKIC Mario,21/05/1986,32,MANDŽUKIĆ,Juventus FC (ITA),190,85
Croatia,FW,REBIC Ante,21/09/1993,24,REBIĆ,Eintracht Frankfurt (GER),185,78
Croatia,MF,BADELJ Milan,25/02/1989,29,BADELJ,ACF Fiorentina (ITA),186,76
Croatia,FW,PJACA Marko,06/05/1995,23,PJACA,FC Schalke 04 (GER),186,83
Croatia,DF,VIDA Domagoj,29/04/1989,29,VIDA,Besiktas JK (TUR),184,76
Croatia,DF,PIVARIC Josip,30/01/1989,29,PIVARIĆ,FC Dynamo Kyiv (UKR),176,69
Croatia,GK,SUBASIC Danijel,27/10/1984,33,SUBAŠIĆ,AS Monaco (FRA),191,84
Denmark,GK,SCHMEICHEL Kasper,05/11/1986,31,SCHMEICHEL,Leicester City FC (ENG),190,92
Denmark,MF,KROHN-DEHLI Michael,06/06/1983,35,KROHN-DEHLI,Deportivo La Coruña (ESP),171,69
Denmark,DF,VESTERGAARD Jannik,03/08/1992,25,VESTERGAARD,VfL Borussia Mönchengladbach (GER),200,98
Denmark,DF,KJAER Simon,26/03/1989,29,KJÆR,Sevilla FC (ESP),191,84
Denmark,DF,KNUDSEN Jonas,16/09/1992,25,KNUDSEN,Ipswich Town FC (ENG),187,82
Denmark,DF,CHRISTENSEN Andreas,10/04/1996,22,CHRISTENSEN,Chelsea FC (ENG),192,85
Denmark,MF,KVIST William,24/02/1985,33,KVIST,FC Kobenhavn (DEN),185,80
Denmark,MF,DELANEY Thomas,03/09/1991,26,DELANEY,SV Werder Bremen (GER),180,78
Denmark,FW,JORGENSEN Nicolai,15/01/1991,27,N. JØRGENSEN,Feyenoord Rotterdam (NED),194,86
Denmark,MF,ERIKSEN Christian,14/02/1992,26,ERIKSEN,Tottenham Hotspur FC (ENG),181,76
Denmark,FW,BRAITHWAITE Martin,05/06/1991,27,BRAITHWAITE,FC Girondins Bordeaux (FRA),180,73
Denmark,FW,DOLBERG Kasper,06/10/1997,20,DOLBERG,AFC Ajax (NED),187,85
Denmark,DF,JORGENSEN Mathias,23/04/1990,28,M. JØRGENSEN,Huddersfield Town FC (ENG),191,85
Denmark,DF,DALSGAARD Henrik,27/07/1989,28,DALSGAARD,Brentford FC (ENG),190,81
Denmark,FW,FISCHER Viktor,09/06/1994,24,FISCHER,FC Kobenhavn (DEN),181,80
Denmark,GK,LOSSL Jonas,01/02/1989,29,LÖSSL,Huddersfield Town FC (ENG),195,90
Denmark,DF,STRYGER LARSEN Jens,21/02/1991,27,STRYGER,Udinese Calcio (ITA),182,82
Denmark,MF,LERAGER Lukas,12/07/1993,24,LERAGER,FC Girondins Bordeaux (FRA),186,85
Denmark,MF,SCHONE Lasse,27/05/1986,32,SCHÖNE,AFC Ajax (NED),178,80
Denmark,FW,POULSEN Yussuf Yurary,15/06/1994,24,YURARY,RB Leipzig (GER),193,84
Denmark,FW,CORNELIUS Andreas,16/03/1993,25,CORNELIUS,Atalanta Bergamo (ITA),195,91
Denmark,GK,RONNOW Frederik,04/08/1992,25,RØNNOW,Brondby IF (DEN),190,85
Denmark,FW,SISTO Pione,04/02/1995,23,SISTO,Celta Vigo (ESP),173,69
Egypt,GK,ESSAM EL HADARY,15/01/1973,45,ELHADARY,Al Taawoun FC (KSA),190,90
Egypt,DF,ALI GABR,01/01/1989,29,ALI GABR,West Bromwich Albion FC (ENG),191,88
Egypt,DF,AHMED ELMOHAMADY,09/09/1987,30,ELMOHAMADY,Aston Villa FC (ENG),183,76
Egypt,MF,OMAR GABER,30/01/1992,26,O. GABER,Los Angeles FC (USA),175,71
Egypt,MF,SAM MORSY,10/09/1991,26,MORSY,Wigan Athletic FC (ENG),173,75
Egypt,DF,AHMED HEGAZY,25/01/1991,27,A. HEGAZY,West Bromwich Albion FC (ENG),194,95
Egypt,DF,AHMED FATHI,10/11/1984,33,A. FATHI,Al Ahly SC (EGY),176,76
Egypt,MF,TAREK HAMED,24/10/1988,29,TAREK HAMED,Zamalek (EGY),169,67
Egypt,FW,MARWAN MOHSEN,26/02/1989,29,MARWAN,Al Ahly SC (EGY),185,81
Egypt,FW,MOHAMED SALAH,15/06/1992,26,M SALAH,Liverpool FC (ENG),175,71
Egypt,FW,KAHRABA,13/04/1994,24,M. KAHRABA,Al-Ittihad FC (KSA),182,76
Egypt,DF,AYMAN ASHRAF,09/04/1991,27,A. ASHRAF,Al Ahly SC (EGY),176,73
Egypt,DF,MOHAMED ABDELSHAFY,01/07/1985,32,ABDELSHAFY,Al Fateh FC (KSA),171,72
Egypt,FW,RAMADAN SOBHY,23/01/1997,21,RAMADAN,Stoke City FC (ENG),183,77
Egypt,DF,MAHMOUD HAMDY,01/06/1995,23,M. HAMDY,Zamalek (EGY),173,72
Egypt,GK,SHERIF EKRAMY,10/07/1983,34,EKRAMY,Al Ahly SC (EGY),193,93
Egypt,MF,MOHAMED ELNENY,11/07/1992,25,M. ELNENY,Arsenal FC (ENG),181,74
Egypt,FW,SHIKABALA,05/03/1986,32,SHIKABALA,Al Raed SC (KSA),183,80
Egypt,MF,ABDALLA SAID,13/07/1985,32,ABDALLA,Kuopion PS (FIN),176,75
Egypt,DF,SAMIR SAAD,01/04/1989,29,S. SAMIR,Al Ahly SC (EGY),183,82
Egypt,MF,TREZEGUET,01/10/1994,23,M. TREZEGUET,Kasimpasa SK (TUR),181,77
Egypt,FW,AMR WARDA,17/09/1993,24,WARDA,Atromitos FC (GRE),179,77
Egypt,GK,MOHAMED ELSHENAWY,18/12/1988,29,M. ELSHENAWY,Al Ahly SC (EGY),191,86
England,GK,PICKFORD Jordan,07/03/1994,24,PICKFORD,Everton FC (ENG),185,72
England,DF,WALKER Kyle,28/05/1990,28,WALKER,Manchester City FC (ENG),178,83
England,DF,ROSE Danny,02/07/1990,27,ROSE,Tottenham Hotspur FC (ENG),173,76
England,MF,DIER Eric,15/01/1994,24,DIER,Tottenham Hotspur FC (ENG),188,90
England,DF,STONES John,28/05/1994,24,STONES,Manchester City FC (ENG),188,72
England,DF,MAGUIRE Harry,05/03/1993,25,MAGUIRE,Leicester City FC (ENG),193,98
England,MF,LINGARD Jesse,15/12/1992,25,LINGARD,Manchester United FC (ENG),175,60
England,MF,HENDERSON Jordan,17/06/1990,28,HENDERSON,Liverpool FC (ENG),183,82
England,FW,KANE Harry,28/07/1993,24,KANE,Tottenham Hotspur FC (ENG),188,98
England,FW,STERLING Raheem,08/12/1994,23,STERLING,Manchester City FC (ENG),170,70
England,FW,VARDY Jamie,11/01/1987,31,VARDY,Leicester City FC (ENG),178,80
England,DF,TRIPPIER Kieran,19/09/1990,27,TRIPPIER,Tottenham Hotspur FC (ENG),178,72
England,GK,BUTLAND Jack,10/03/1993,25,BUTLAND,Stoke City FC (ENG),196,96
England,FW,WELBECK Danny,26/11/1990,27,WELBECK,Arsenal FC (ENG),184,78
England,DF,CAHILL Gary,19/12/1985,32,CAHILL,Chelsea FC (ENG),191,85
England,DF,JONES Phil,21/02/1992,26,JONES,Manchester United FC (ENG),182,72
England,DF,DELPH Fabian,21/11/1989,28,DELPH,Manchester City FC (ENG),174,78
England,DF,YOUNG Ashley,09/07/1985,32,YOUNG,Manchester United FC (ENG),175,78
England,FW,RASHFORD Marcus,31/10/1997,20,RASHFORD,Manchester United FC (ENG),180,78
England,MF,ALLI Dele,11/04/1996,22,DELE,Tottenham Hotspur FC (ENG),188,76
England,MF,LOFTUS-CHEEK Ruben,23/01/1996,22,LOFTUS-CHEEK,Chelsea FC (ENG),190,73
England,DF,ALEXANDER-ARNOLD Trent,07/10/1998,19,ALEXANDER-ARNOLD,Liverpool FC (ENG),175,70
England,GK,POPE Nick,19/04/1992,26,POPE,Burnley FC (ENG),191,76
France,GK,LLORIS Hugo,26/12/1986,31,LLORIS,Tottenham Hotspur FC (ENG),188,82
France,DF,PAVARD Benjamin,28/03/1996,22,PAVARD,VfB Stuttgart (GER),186,76
France,DF,KIMPEMBE Presnel,13/08/1995,22,KIMPEMBE,Paris Saint-Germain FC (FRA),182,78
France,DF,VARANE Raphael,25/04/1993,25,VARANE,Real Madrid CF (ESP),191,79
France,DF,UMTITI Samuel,14/11/1993,24,UMTITI,FC Barcelona (ESP),183,84
France,MF,POGBA Paul,15/03/1993,25,POGBA,Manchester United FC (ENG),191,86
France,FW,GRIEZMANN Antoine,21/03/1991,27,GRIEZMANN,Atletico Madrid (ESP),174,72
France,FW,LEMAR Thomas,12/11/1995,22,LEMAR,AS Monaco (FRA),172,65
France,FW,GIROUD Olivier,30/09/1986,31,GIROUD,Chelsea FC (ENG),193,91
France,FW,MBAPPE Kylian,20/12/1998,19,MBAPPE,Paris Saint-Germain FC (FRA),178,78
France,FW,DEMBELE Ousmane,15/05/1997,21,DEMBELE,FC Barcelona (ESP),178,70
France,MF,TOLISSO Corentin,03/08/1994,23,TOLISSO,FC Bayern München (GER),180,82
France,MF,KANTE Ngolo,29/03/1991,27,KANTE,Chelsea FC (ENG),168,70
France,MF,MATUIDI Blaise,09/04/1987,31,MATUIDI,Juventus FC (ITA),180,74
France,MF,NZONZI Steven,15/12/1988,29,NZONZI,Sevilla FC (ESP),197,87
France,GK,MANDANDA Steve,28/03/1985,33,MANDANDA,Olympique Marseille (FRA),187,88
France,DF,RAMI Adil,27/12/1985,32,RAMI,Olympique Marseille (FRA),190,90
France,FW,FEKIR Nabil,18/07/1993,24,FEKIR,Olympique Lyon (FRA),173,76
France,DF,SIDIBE Djibril,29/07/1992,25,SIDIBE,AS Monaco (FRA),184,81
France,FW,THAUVIN Florian,26/01/1993,25,THAUVIN,Olympique Marseille (FRA),180,76
France,DF,HERNANDEZ Lucas,14/02/1996,22,HERNANDEZ,Atletico Madrid (ESP),183,76
France,DF,MENDY Benjamin,17/07/1994,23,MENDY,Manchester City FC (ENG),183,84
France,GK,AREOLA Alphonse,27/02/1993,25,AREOLA,Paris Saint-Germain FC (FRA),195,95
Germany,GK,NEUER Manuel,27/03/1986,32,NEUER,FC Bayern München (GER),193,93
Germany,DF,PLATTENHARDT Marvin,26/01/1992,26,PLATTENHARDT,Hertha BSC (GER),181,76
Germany,DF,HECTOR Jonas,27/05/1990,28,HECTOR,1. FC Köln (GER),185,75
Germany,DF,GINTER Matthias,19/01/1994,24,GINTER,VfL Borussia Mönchengladbach (GER),189,85
Germany,DF,HUMMELS Mats,16/12/1988,29,HUMMELS,FC Bayern München (GER),192,90
Germany,MF,KHEDIRA Sami,04/04/1987,31,KHEDIRA,Juventus FC (ITA),189,81
Germany,MF,DRAXLER Julian,20/09/1993,24,DRAXLER,Paris Saint-Germain FC (FRA),185,74
Germany,MF,KROOS Toni,04/01/1990,28,KROOS,Real Madrid CF (ESP),182,78
Germany,FW,WERNER Timo,06/03/1996,22,WERNER,RB Leipzig (GER),181,75
Germany,MF,OEZIL Mesut,15/10/1988,29,ÖZIL,Arsenal FC (ENG),180,70
Germany,FW,REUS Marco,31/05/1989,29,REUS,Borussia Dortmund (GER),180,67
Germany,GK,TRAPP Kevin,08/07/1990,27,TRAPP,Paris Saint-Germain FC (FRA),189,88
Germany,MF,MUELLER Thomas,13/09/1989,28,MÜLLER,FC Bayern München (GER),186,75
Germany,MF,GORETZKA Leon,06/02/1995,23,GORETZKA,FC Schalke 04 (GER),189,76
Germany,DF,SUELE Niklas,03/09/1995,22,SÜLE,FC Bayern München (GER),195,89
Germany,DF,RUEDIGER Antonio,03/03/1993,25,RÜDIGER,Chelsea FC (ENG),191,85
Germany,DF,BOATENG Jerome,03/09/1988,29,BOATENG,FC Bayern München (GER),192,90
Germany,DF,KIMMICH Joshua,08/02/1995,23,KIMMICH,FC Bayern München (GER),176,72
Germany,MF,RUDY Sebastian,28/02/1990,28,RUDY,FC Bayern München (GER),179,74
Germany,MF,BRANDT Julian,02/05/1996,22,BRANDT,Bayer 04 Leverkusen (GER),183,82
Germany,MF,GUENDOGAN Ilkay,24/10/1990,27,GÜNDOGAN,Manchester City FC (ENG),180,79
Germany,GK,TER STEGEN Marc-Andre,30/04/1992,26,TER STEGEN,FC Barcelona (ESP),187,85
Germany,FW,GOMEZ Mario,10/07/1985,32,GOMEZ,VfB Stuttgart (GER),189,82
Iceland,GK,HALLDORSSON Hannes,27/04/1984,34,HALLDORSSON,Randers FC (DEN),193,88
Iceland,DF,SAEVARSSON Birkir,11/11/1984,33,SÆVARSSON,Valur Reykjavik (ISL),186,75
Iceland,MF,FRIDJONSSON Samuel,22/02/1996,22,FRIDJÓNSSON,Valerenga IF (NOR),185,78
Iceland,MF,GUDMUNDSSON Albert,15/06/1997,21,A. GUDMUNDSSON,PSV Eindhoven (NED),177,80
Iceland,DF,INGASON Sverrir,05/08/1993,24,INGASON,FC Rostov (RUS),188,80
Iceland,DF,SIGURDSSON Ragnar,19/06/1986,32,R. SIGURDSSON,FC Rostov (RUS),187,86
Iceland,MF,GUDMUNDSSON Johann,27/10/1990,27,J. GUDMUNDSSON,Burnley FC (ENG),179,77
Iceland,MF,BJARNASON Birkir,27/05/1988,30,B. BJARNASON,Aston Villa FC (ENG),183,77
Iceland,FW,SIGURDARSON Bjorn,26/02/1991,27,SIGURDARSON,FC Rostov (RUS),187,85
Iceland,MF,SIGURDSSON Gylfi,08/09/1989,28,G. SIGURDSSON,Everton FC (ENG),186,82
Iceland,FW,FINNBOGASON Alfred,01/02/1989,29,FINNBOGASON,FC Augsburg (GER),185,79
Iceland,GK,SCHRAM Frederik,19/01/1995,23,SCHRAM,Roskilde BK (DEN),198,92
Iceland,GK,RUNARSSON Runar,18/02/1995,23,RÚNARSSON,FC Nordsjaelland (DEN),186,76
Iceland,DF,ARNASON Kari,13/10/1982,35,ARNASON,Aberdeen FC (SCO),191,82
Iceland,DF,EYJOLFSSON Holmar,06/08/1990,27,EYJÓLFSSON,Levski Sofia (BUL),188,81
Iceland,MF,SKULASON Olafur,01/04/1983,35,Ó. SKÚLASON,Karabukspor (TUR),184,79
Iceland,MF,GUNNARSSON Aron,22/04/1989,29,GUNNARSSON,Cardiff City FC (WAL),181,86
Iceland,DF,MAGNUSSON Hordur,11/02/1993,25,MAGNÚSSON,Bristol City FC (ENG),191,85
Iceland,MF,GISLASON Rurik,25/02/1988,30,GISLASON,SV Sandhausen (GER),184,78
Iceland,MF,HALLFREDSSON Emil,29/06/1984,33,HALLFREDSSON,Udinese Calcio (ITA),186,86
Iceland,MF,TRAUSTASON Arnor,30/04/1993,25,TRAUSTASON,Malmö FF (SWE),183,73
Iceland,FW,BODVARSSON Jon,25/05/1992,26,BÖDVARSSON,Reading FC (ENG),189,89
Iceland,DF,SKULASON Ari,14/05/1987,31,A. SKÚLASON,KSC Lokeren (BEL),170,63
IR Iran,GK,BEIRANVAND Ali,21/09/1992,25,A. BEIRANVAND,Persepolis FC (IRN),194,85
IR Iran,MF,TORABI Mehdi,10/09/1994,23,M. TORABI,Saipa Alborz FC (IRN),185,71
IR Iran,DF,HAJI SAFI Ehsan,25/02/1990,28,HAJI SAFI,Olympiacos Piraeus FC (GRE),178,75
IR Iran,DF,CHESHMI Roozbeh,24/07/1993,24,R. CHESHMI,Esteghlal Tehran FC (IRN),192,80
IR Iran,DF,MOHAMMADI Milad,29/09/1993,24,M. MOHAMMADI,FC Akhmat Grozny (RUS),178,69
IR Iran,MF,EZATOLAHI Saeid,01/10/1996,21,S. EZATOLAHI,FK Amkar Perm (RUS),190,82
IR Iran,MF,SHOJAEI Masoud,09/06/1984,34,SHOJAEI M.,AEK Athens (GRE),187,79
IR Iran,DF,POURALIGANJI Morteza,19/04/1992,26,M. POURALIGANJI,Al Sadd SC (QAT),187,83
IR Iran,MF,EBRAHIMI Omid,16/09/1987,30,OMID,Esteghlal Tehran FC (IRN),178,75
IR Iran,FW,ANSARIFARD Karim,03/04/1990,28,KARIM,Olympiacos Piraeus FC (GRE),187,80
IR Iran,MF,AMIRI Vahid,02/04/1988,30,V. AMIRI,Persepolis FC (IRN),179,71
IR Iran,GK,MAZAHERI Rashid,18/05/1989,29,RASHID,Zob Ahan Isfahan FC (IRN),192,84
IR Iran,DF,KHANZADEH Mohammad Reza,11/05/1991,27,M.R. KHANZADEH,Padideh FC (IRN),186,80
IR Iran,FW,GHODDOS  Saman,06/09/1993,24,GHODDOS,IFK Östersund FK (SWE),177,79
IR Iran,DF,MONTAZERI Pejman,06/09/1983,34,P. MONTAZERI,Esteghlal Tehran FC (IRN),185,77
IR Iran,FW,GHOOCHANNEJHAD Reza,20/09/1987,30,REZA,SC Heerenveen (NED),180,79
IR Iran,FW,TAREMI Mehdi,18/07/1992,25,MEHDI,Al Gharafa SC (QAT),187,80
IR Iran,FW,JAHANBAKHSH Alireza,11/08/1993,24,A. JAHANBAKHSH,AZ Alkmaar (NED),180,77
IR Iran,DF,HOSSEINI Majid,20/06/1996,22,M. HOSSEINI,Esteghlal Tehran FC (IRN),183,78
IR Iran,FW,AZMOUN Sardar,01/01/1995,23,SARDAR,FC Rubin Kazan (RUS),186,80
IR Iran,FW,DEJAGAH Ashkan,05/07/1986,31,DEJAGAH,Nottingham Forest FC (ENG),181,78
IR Iran,GK,ABEDZADEH Amir,26/04/1993,25,ABEDZADEH,CS Maritimo (POR),186,80
IR Iran,DF,REZAEIAN Ramin,21/03/1990,28,RAMIN,KV Oostende (BEL),185,75
Japan,GK,KAWASHIMA Eiji,20/03/1983,35,KAWASHIMA,FC Metz (FRA),185,74
Japan,DF,UEDA Naomichi,24/10/1994,23,UEDA,Kashima Antlers (JPN),186,79
Japan,DF,SHOJI Gen,11/12/1992,25,SHOJI,Kashima Antlers (JPN),182,74
Japan,MF,HONDA Keisuke,13/06/1986,32,HONDA,CF Pachuca (MEX),182,74
Japan,DF,NAGATOMO Yuto,12/09/1986,31,NAGATOMO,Galatasaray SK (TUR),170,68
Japan,DF,ENDO Wataru,09/02/1993,25,ENDO,Urawa Reds (JPN),178,75
Japan,MF,SHIBASAKI Gaku,28/05/1992,26,SHIBASAKI,Getafe CF (ESP),175,64
Japan,MF,HARAGUCHI Genki,09/05/1991,27,HARAGUCHI,Fortuna Düsseldorf (GER),178,68
Japan,FW,OKAZAKI Shinji,16/04/1986,32,OKAZAKI,Leicester City FC (ENG),174,70
Japan,MF,KAGAWA Shinji,17/03/1989,29,KAGAWA,Borussia Dortmund (GER),175,68
Japan,MF,USAMI Takashi,06/05/1992,26,USAMI,Fortuna Düsseldorf (GER),178,72
Japan,GK,HIGASHIGUCHI Masaaki,12/05/1986,32,HIGASHIGUCHI,Gamba Osaka (JPN),184,78
Japan,FW,MUTO Yoshinori,15/07/1992,25,MUTO,FSV Mainz 05 (GER),179,72
Japan,MF,INUI Takashi,02/06/1988,30,INUI,SD Eibar (ESP),169,59
Japan,FW,OSAKO Yuya,18/05/1990,28,OSAKO,1. FC Köln (GER),182,71
Japan,MF,YAMAGUCHI Hotaru,06/10/1990,27,YAMAGUCHI,Cerezo Osaka (JPN),173,72
Japan,MF,HASEBE Makoto,18/01/1984,34,HASEBE,Eintracht Frankfurt (GER),180,72
Japan,MF,OSHIMA Ryota,23/01/1993,25,OHSHIMA,Kawasaki Frontale (JPN),168,64
Japan,DF,SAKAI Hiroki,12/04/1990,28,H. SAKAI,Olympique Marseille (FRA),183,70
Japan,DF,MAKINO Tomoaki,11/05/1987,31,MAKINO,Urawa Reds (JPN),182,77
Japan,DF,SAKAI Gotoku,14/03/1991,27,G. SAKAI,Hamburger SV (GER),176,74
Japan,DF,YOSHIDA Maya,24/08/1988,29,YOSHIDA,Southampton FC (ENG),189,78
Japan,GK,NAKAMURA Kosuke,27/02/1995,23,NAKAMURA,Kashiwa Reysol (JPN),184,72
Korea Republic,GK,KIM Seunggyu,30/09/1990,27,S G KIM,Vissel Kobe (JPN),187,80
Korea Republic,DF,LEE Yong,24/12/1986,31,Y LEE,Jeonbuk Hyundai (KOR),180,74
Korea Republic,DF,JUNG Seunghyun,03/04/1994,24,S H JUNG,Sagan Tosu FC (JPN),188,74
Korea Republic,DF,OH Bansuk,20/05/1988,30,B S OH,Jeju United (KOR),189,79
Korea Republic,DF,YUN Youngsun,04/10/1988,29,Y S YUN,Seongnam FC (KOR),185,78
Korea Republic,DF,PARK Jooho,16/01/1987,31,J H PARK,Ulsan Hyundai FC (KOR),174,71
Korea Republic,FW,SON Heungmin,08/07/1992,25,H M SON,Tottenham Hotspur FC (ENG),183,76
Korea Republic,MF,JU Sejong,30/10/1990,27,S J JU,Asan Mugunghwa FC (KOR),176,70
Korea Republic,FW,KIM Shinwook,14/04/1988,30,S W KIM,Jeonbuk Hyundai (KOR),197,97
Korea Republic,MF,LEE Seungwoo,06/01/1998,20,S W LEE,Hellas Verona FC (ITA),170,63
Korea Republic,FW,HWANG Heechan,26/01/1996,22,H C HWANG,FC Red Bull Salzburg (AUT),177,77
Korea Republic,DF,KIM Minwoo,25/02/1990,28,M W KIM,Sangju Sangmu FC (KOR),172,69
Korea Republic,MF,KOO Jacheol,27/02/1989,29,J C KOO,FC Augsburg (GER),182,73
Korea Republic,DF,HONG Chul,17/09/1990,27,C HONG,Sangju Sangmu FC (KOR),176,67
Korea Republic,MF,JUNG Wooyoung,14/12/1989,28,W Y JUNG,Vissel Kobe (JPN),186,78
Korea Republic,MF,KI Sungyueng,24/01/1989,29,S Y KI,Swansea City AFC (WAL),186,75
Korea Republic,MF,LEE Jaesung,10/08/1992,25,J S LEE,Jeonbuk Hyundai (KOR),180,70
Korea Republic,MF,MOON Seonmin,09/06/1992,26,S M MOON,Incheon United FC (KOR),172,68
Korea Republic,DF,KIM Younggwon,27/02/1990,28,Y G KIM,Guangzhou Evergrande FC (CHN),184,74
Korea Republic,DF,JANG Hyunsoo,28/09/1991,26,H S JANG,FC Tokyo (JPN),187,77
Korea Republic,GK,KIM Jinhyeon,06/07/1987,30,J H KIM,Cerezo Osaka (JPN),193,82
Korea Republic,DF,GO Yohan,10/03/1988,30,Y H GO,FC Seoul (KOR),170,65
Korea Republic,GK,JO Hyeonwoo,25/09/1991,26,H W JO,Daegu FC (KOR),189,75
Mexico,GK,CORONA Jose,26/01/1981,37,J. CORONA,Cruz Azul (MEX),182,80
Mexico,DF,AYALA Hugo,31/03/1987,31,H. AYALA,Tigres UANL (MEX),188,82
Mexico,DF,SALCEDO Carlos,29/09/1993,24,C. SALCEDO,Eintracht Frankfurt (GER),189,83
Mexico,DF,MARQUEZ Rafael,13/02/1979,39,R. MÁRQUEZ,CF Atlas (MEX),184,77
Mexico,DF,REYES Diego,19/09/1992,25,D. REYES,FC Porto (POR),190,77
Mexico,MF,DOS SANTOS Jonathan,26/04/1990,28,J. DOS SANTOS,LA Galaxy (USA),173,69
Mexico,MF,LAYUN Miguel,25/06/1988,29,M. LAYÚN,Sevilla FC (ESP),180,72
Mexico,FW,FABIAN Marco,21/07/1989,28,M. FABIÁN,Eintracht Frankfurt (GER),171,70
Mexico,FW,JIMENEZ Raul,05/05/1991,27,RAÚL,SL Benfica (POR),188,79
Mexico,MF,DOS SANTOS Giovani,11/05/1989,29,G. DOS SANTOS,LA Galaxy (USA),178,70
Mexico,FW,VELA Carlos,01/03/1989,29,CARLOS V,Los Angeles FC (USA),178,78
Mexico,GK,TALAVERA Alfredo,18/09/1982,35,A. TALAVERA,Deportivo Toluca FC (MEX),188,84
Mexico,GK,OCHOA Guillermo,13/07/1985,32,G. OCHOA,Standard Liège (BEL),185,76
Mexico,FW,HERNANDEZ Javier,01/06/1988,30,J. HERNÁNDEZ,West Ham United FC (ENG),175,71
Mexico,DF,MORENO Hector,17/01/1988,30,H. MORENO,Real Sociedad (ESP),182,82
Mexico,DF,HERRERA Hector,19/04/1990,28,H. HERRERA,FC Porto (POR),180,79
Mexico,MF,CORONA Jesus,06/01/1993,25,JESÚS C.,FC Porto (POR),174,69
Mexico,MF,GUARDADO Andres,28/09/1986,31,A. GUARDADO,Real Betis (ESP),167,63
Mexico,FW,PERALTA Oribe,12/01/1984,34,O. PERALTA,Club América (MEX),178,72
Mexico,MF,AQUINO Javier,11/02/1990,28,J. AQUINO,Tigres UANL (MEX),166,59
Mexico,DF,ALVAREZ Edson,24/10/1997,20,E. ÁLVAREZ,Club América (MEX),186,72
Mexico,FW,LOZANO Hirving,30/07/1995,22,H. LOZANO,PSV Eindhoven (NED),176,66
Mexico,MF,GALLARDO Jesus,15/08/1994,23,J. GALLARDO,Pumas UNAM (MEX),177,74
Morocco,GK,BOUNOU Yassine,05/04/1991,27,BOUNOU,Girona FC (ESP),190,77
Morocco,DF,HAKIMI Achraf,04/11/1998,19,HAKIMI,Real Madrid CF (ESP),179,65
Morocco,DF,MENDYL Hamza,21/10/1997,20,MENDYL,Lille OSC (FRA),179,70
Morocco,DF,DA COSTA Manuel,06/05/1986,32,DA COSTA,Istanbul Başakşehir FK (TUR),187,78
Morocco,DF,BENATIA Mehdi,17/04/1987,31,BENATIA,Juventus FC (ITA),188,88
Morocco,DF,SAISS Romain,26/03/1990,28,SAISS,Wolverhampton Wanderers FC (ENG),190,76
Morocco,MF,ZIYACH Hakim,19/03/1993,25,ZIYACH,AFC Ajax (NED),180,70
Morocco,MF,EL AHMADI Karim,27/01/1985,33,EL AHMADI,Feyenoord Rotterdam (NED),179,78
Morocco,FW,EL KAABI Ayoub,25/06/1993,24,EL KAABI,RS Berkane (MAR),182,72
Morocco,MF,BELHANDA Younes,25/02/1990,28,BELHANDA,Galatasaray SK (TUR),174,75
Morocco,MF,FAJR Faycal,01/08/1988,29,FAJR,Getafe CF (ESP),178,72
Morocco,GK,EL KAJOUI Monir,10/05/1989,29,EL KAJOUI,CD Numancia (ESP),190,88
Morocco,FW,BOUTAIB Khalid,24/04/1987,31,BOUTAIB,Yeni Malatyaspor (TUR),190,80
Morocco,MF,BOUSSOUFA Mbark,15/08/1984,33,BOUSSOUFA,Al Jazira (UAE),167,59
Morocco,MF,AIT BENNASSER Youssef,07/07/1996,21,AIT BENNASSER,SM Caen (FRA),184,75
Morocco,MF,AMRABAT Noureddine,31/03/1987,31,N. AMRABAT,CD Leganés (ESP),178,77
Morocco,DF,DIRAR Nabil,25/02/1986,32,DIRAR,Fenerbahce SK (TUR),187,82
Morocco,MF,HARIT Amine,18/06/1997,21,HARIT,FC Schalke 04 (GER),179,66
Morocco,FW,EN NESYRI Youssef,01/06/1997,21,EN-NESYRI,Malaga CF (ESP),188,75
Morocco,FW,BOUHADDOUZ Aziz,30/03/1987,31,BOUHADDOUZ,FC St. Pauli (GER),188,80
Morocco,MF,AMRABAT Sofyan,21/08/1996,21,S. AMRABAT,Feyenoord Rotterdam (NED),183,77
Morocco,GK,TAGNAOUTI Ahmed,05/04/1996,22,TAGNAOUTI,IRT Tanger (MAR),186,70
Morocco,MF,CARCELA Mehdi,01/07/1989,28,CARCELA,Standard Liège (BEL),176,67
Nigeria,GK,EZENWA Ikechukwu,16/10/1988,29,EZENWA,Enyimba FC (NGA),181,80
Nigeria,DF,IDOWU Bryan,18/05/1992,26,IDOWU,FK Amkar Perm (RUS),179,75
Nigeria,DF,ECHIEJILE Elderson,20/01/1988,30,ECHIEJILE,Cercle Brugge (BEL),185,82
Nigeria,MF,NDIDI Onyinye,16/12/1996,21,NDIDI,Leicester City FC (ENG),184,73
Nigeria,DF,EKONG William,01/09/1993,24,EKONG,Bursaspor (TUR),191,85
Nigeria,DF,BALOGUN Leon,28/06/1988,29,BALOGUN,FSV Mainz 05 (GER),190,89
Nigeria,FW,MUSA Ahmed,14/10/1992,25,MUSA,CSKA Moscow (RUS),173,65
Nigeria,MF,ETEBO Oghenekaro,09/11/1995,22,ETEBO,UD Las Palmas (ESP),174,74
Nigeria,FW,IGHALO Odion,16/06/1989,29,IGHALO,Changchun Yatai (CHN),188,83
Nigeria,MF,MIKEL John Obi,22/04/1987,31,MIKEL,Tianjin Teda (CHN),188,82
Nigeria,FW,MOSES Victor,12/12/1990,27,MOSES,Chelsea FC (ENG),177,75
Nigeria,DF,SHEHU Abdullahi,12/03/1993,25,SHEHU,Bursaspor (TUR),182,75
Nigeria,FW,NWANKWO Simeon,07/05/1992,26,NWANKWO,FC Crotone (ITA),197,89
Nigeria,FW,IHEANACHO Kelechi,10/03/1996,22,IHEANACHO,Leicester City FC (ENG),183,80
Nigeria,MF,OBI Joel,22/05/1991,27,OBI,Torino FC (ITA),177,77
Nigeria,GK,AKPEYI Daniel,08/03/1986,32,AKPEYI,Chippa United FC (RSA),187,94
Nigeria,MF,ONAZI Ogenyi,25/12/1992,25,ONAZI,Trabzonspor (TUR),172,74
Nigeria,FW,IWOBI Alex,03/05/1996,22,IWOBI,Arsenal FC (ENG),185,86
Nigeria,MF,OGU John,20/04/1988,30,OGU,Hapoel Be'er Sheva FC (ISR),191,90
Nigeria,DF,AWAZIEM Chidozie,01/01/1997,21,AWAZIEM,FC Nantes (FRA),192,76
Nigeria,DF,EBUEHI Tyronne,16/12/1995,22,EBUEHI,ADO Den Haag (NED),187,74
Nigeria,DF,OMERUO Kenneth,17/10/1993,24,OMERUO,Kasimpasa SK (TUR),185,82
Nigeria,GK,UZOHO Francis,28/10/1998,19,UZOHO,Deportivo La Coruña (ESP),196,91
Panama,GK,PENEDO Jaime,26/09/1981,36,PENEDO,Dinamo Bucharest (ROU),183,70
Panama,DF,MURILLO Michael,11/02/1996,22,MURILLO,New York Red Bulls (USA),183,78
Panama,DF,CUMMINGS Harold,01/03/1992,26,CUMMINGS,San Jose Earthquakes (USA),183,92
Panama,DF,ESCOBAR Fidel,09/01/1995,23,ESCOBAR,New York Red Bulls (USA),182,82
Panama,DF,TORRES Roman,20/03/1986,32,R. TORRES,Seattle Sounders FC (USA),188,99
Panama,MF,GOMEZ Gabriel,29/05/1984,34,GOMEZ,Atlético Bucaramanga (COL),183,82
Panama,FW,PEREZ Blas,13/03/1981,37,PEREZ,CSD Municipal (GUA),187,83
Panama,MF,BARCENAS Edgar,23/10/1993,24,BARCENAS,Cafetaleros de Tapachula (MEX),175,72
Panama,FW,TORRES Gabriel,31/10/1988,29,G. TORRES,CD Huachipato (CHI),180,77
Panama,FW,DIAZ Ismael,12/05/1997,21,DIAZ,Deportivo La Coruña (ESP),181,72
Panama,MF,COOPER Armando,26/11/1987,30,COOPER,Club Universidad de Chile (CHI),173,72
Panama,GK,CALDERON Jose,14/08/1985,32,CALDERON,Chorrillo FC (PAN),187,87
Panama,DF,MACHADO Adolfo,14/02/1985,33,MACHADO,Houston Dynamo (USA),182,78
Panama,MF,PIMENTEL Valentin,30/05/1991,27,PIMENTEL,Plaza Amador (PAN),189,80
Panama,DF,DAVIS Eric,31/03/1991,27,DAVIS,DAC Dunajska Streda (SVK),180,81
Panama,FW,ARROYO Abdiel,13/12/1993,24,ARROYO,LD Alajuelense (CRC),183,82
Panama,DF,OVALLE Luis,07/09/1988,29,OVALLE,CD Olimpia (HON),178,75
Panama,FW,TEJADA Luis,28/03/1982,36,TEJADA,Sport Boys (PER),183,87
Panama,MF,QUINTERO Alberto,18/12/1987,30,QUINTERO,Universitario Lima (PER),165,62
Panama,MF,GODOY Anibal,10/02/1990,28,GODOY,San Jose Earthquakes (USA),183,82
Panama,MF,RODRIGUEZ Jose Luis,19/06/1998,20,J. RODRIGUEZ,KAA Gent (BEL),180,77
Panama,GK,RODRIGUEZ Alex,05/08/1990,27,RODRIGUEZ,San Francisco FC (PAN),197,83
Panama,DF,BALOY Felipe,24/02/1981,37,BALOY,CSD Municipal (GUA),185,87
Peru,GK,GALLESE Pedro,23/02/1990,28,GALLESE,CD Tiburones Rojos de Veracruz (MEX),189,79
Peru,DF,RODRIGUEZ Alberto,31/03/1984,34,RODRIGUEZ,Atletico Junior (COL),179,78
Peru,DF,CORZO Aldo,20/05/1989,29,CORZO,Universitario Lima (PER),172,75
Peru,DF,SANTAMARIA Anderson,10/01/1992,26,SANTAMARIA,Puebla FC (MEX),183,84
Peru,DF,ARAUJO Miguel,24/10/1994,23,ARAUJO,Alianza Lima (PER),178,77
Peru,DF,TRAUCO Miguel,25/08/1992,25,TRAUCO,CR Flamengo (BRA),169,74
Peru,MF,HURTADO Paolo,27/07/1990,27,HURTADO,Vitoria Guimaraes (POR),174,66
Peru,MF,CUEVA Christian,23/11/1991,26,CUEVA,Sao Paulo FC (BRA),169,69
Peru,FW,GUERRERO Paolo,01/01/1984,34,GUERRERO,CR Flamengo (BRA),185,88
Peru,FW,FARFAN Jefferson,26/10/1984,33,FARFAN,FC Lokomotiv Moscow (RUS),177,85
Peru,FW,RUIDIAZ Raul,25/07/1990,27,RUIDIAZ,CA Monarcas Morelia (MEX),169,67
Peru,GK,CACEDA Carlos,27/09/1991,26,CACEDA,Deportivo Municipal (PER),184,78
Peru,MF,TAPIA Renato,28/07/1995,22,TAPIA,Feyenoord Rotterdam (NED),185,85
Peru,MF,POLO Andy,29/09/1994,23,POLO,Portland Timbers (USA),174,71
Peru,DF,RAMOS Christian,04/11/1988,29,RAMOS,CD Tiburones Rojos de Veracruz (MEX),182,72
Peru,MF,CARTAGENA Wilder,23/09/1994,23,CARTAGENA,CD Tiburones Rojos de Veracruz (MEX),179,76
Peru,DF,ADVINCULA Luis,02/03/1990,28,ADVINCULA,Lobos BUAP (MEX),178,80
Peru,FW,CARRILLO Andre,14/06/1991,27,CARRILLO,Watford FC (ENG),182,77
Peru,MF,YOTUN Yoshimar,07/04/1990,28,YOTUN,Orlando City SC (USA),172,69
Peru,FW,FLORES Edison,14/05/1994,24,FLORES,Aalborg BK (DEN),170,72
Peru,GK,CARVALLO Jose,01/03/1986,32,CARVALLO,Universidad Técnica de Cajamarca (PER),182,84
Peru,DF,LOYOLA Nilson,26/10/1994,23,LOYOLA,FBC Melgar (PER),179,68
Peru,MF,AQUINO Pedro,13/04/1995,23,AQUINO,Lobos BUAP (MEX),174,71
Poland,GK,SZCZESNY Wojciech,18/04/1990,28,SZCZESNY,Juventus FC (ITA),195,84
Poland,DF,PAZDAN Michal,21/09/1987,30,PAZDAN,Legia Warsaw (POL),181,78
Poland,DF,JEDRZEJCZYK Artur,04/11/1987,30,JEDRZEJCZYK,Legia Warsaw (POL),189,78
Poland,DF,CIONEK Thiago,21/04/1986,32,CIONEK,SPAL Ferrara (ITA),184,81
Poland,DF,BEDNAREK Jan,12/04/1996,22,BEDNAREK,Southampton FC (ENG),189,77
Poland,MF,GORALSKI Jacek,21/09/1992,25,GORALSKI,PFC Ludogorets Razgrad (BUL),172,66
Poland,FW,MILIK Arkadiusz,28/02/1994,24,MILIK,SSC Napoli (ITA),186,81
Poland,MF,LINETTY Karol,02/02/1995,23,LINETTY,UC Sampdoria (ITA),176,73
Poland,FW,LEWANDOWSKI Robert,21/08/1988,29,LEWANDOWSKI,FC Bayern München (GER),185,79
Poland,MF,KRYCHOWIAK Grzegorz,29/01/1990,28,KRYCHOWIAK,West Bromwich Albion FC (ENG),186,83
Poland,MF,GROSICKI Kamil,08/06/1988,30,GROSICKI,Hull City FC (ENG),180,78
Poland,GK,BIALKOWSKI Bartosz,06/07/1987,30,BIALKOWSKI,Ipswich Town FC (ENG),194,83
Poland,MF,RYBUS Maciej,19/08/1989,28,RYBUS,FC Lokomotiv Moscow (RUS),173,75
Poland,FW,TEODORCZYK Lukasz,03/06/1991,27,TEODORCZYK,RSC Anderlecht (BEL),185,78
Poland,DF,GLIK Kamil,03/02/1988,30,GLIK,AS Monaco (FRA),190,80
Poland,MF,BLASZCZYKOWSKI Jakub,14/12/1985,32,BLASZCZYKOWSKI,VfL Wolfsburg (GER),175,71
Poland,MF,PESZKO Slawomir,19/02/1985,33,PESZKO,Lechia Gdansk (POL),173,68
Poland,DF,BERESZYNSKI Bartosz,12/07/1992,25,BERESZYNSKI,UC Sampdoria (ITA),182,72
Poland,MF,ZIELINSKI Piotr,20/05/1994,24,ZIELINSKI,SSC Napoli (ITA),177,64
Poland,DF,PISZCZEK Lukasz,03/06/1985,33,PISZCZEK,Borussia Dortmund (GER),184,79
Poland,MF,KURZAWA Rafal,29/01/1993,25,KURZAWA,Gornik Zabrze (POL),182,73
Poland,GK,FABIANSKI Lukasz,18/04/1985,33,FABIANSKI,Swansea City AFC (WAL),190,83
Poland,FW,KOWNACKI Dawid,14/03/1997,21,KOWNACKI,UC Sampdoria (ITA),185,75
Portugal,GK,RUI PATRICIO,15/02/1988,30,RUI PATRICIO,Sporting CP (POR),189,84
Portugal,DF,BRUNO ALVES,27/11/1981,36,B. ALVES,Rangers FC (SCO),187,83
Portugal,DF,PEPE,26/02/1983,35,PEPE,Besiktas JK (TUR),188,81
Portugal,MF,MANUEL FERNANDES,05/02/1986,32,M. FERNANDES,FC Lokomotiv Moscow (RUS),174,69
Portugal,DF,RAPHAEL GUERREIRO,22/12/1993,24,RAPHAEL,Borussia Dortmund (GER),170,64
Portugal,DF,JOSE FONTE,22/12/1983,34,FONTE,Dalian Yifang FC (CHN),191,84
Portugal,FW,CRISTIANO RONALDO,05/02/1985,33,RONALDO,Real Madrid CF (ESP),185,80
Portugal,MF,JOAO MOUTINHO,08/09/1986,31,J. MOUTINHO,AS Monaco (FRA),170,61
Portugal,FW,ANDRE SILVA,06/11/1995,22,ANDRÉ SILVA,AC Milan (ITA),184,78
Portugal,MF,JOAO MARIO,19/01/1993,25,J. MÁRIO,West Ham United FC (ENG),179,73
Portugal,MF,BERNARDO SILVA,10/08/1994,23,BERNARDO,Manchester City FC (ENG),173,65
Portugal,GK,ANTHONY LOPES,01/10/1990,27,LOPES,Olympique Lyon (FRA),184,81
Portugal,DF,RUBEN DIAS,14/05/1997,21,RUBEN DIAS,SL Benfica (POR),187,83
Portugal,MF,WILLIAM,07/04/1992,26,WILLIAM,Sporting CP (POR),190,80
Portugal,DF,RICARDO,06/10/1993,24,RICARDO,FC Porto (POR),174,70
Portugal,MF,BRUNO FERNANDES,08/09/1994,23,B. FERNANDES,Sporting CP (POR),183,64
Portugal,FW,GONCALO GUEDES,29/11/1996,21,G. GUEDES,Valencia CF (ESP),179,72
Portugal,FW,GELSON MARTINS,11/05/1995,23,GELSON,Sporting CP (POR),173,63
Portugal,DF,MARIO RUI,27/05/1991,27,MÁRIO RUI,SSC Napoli (ITA),168,67
Portugal,FW,RICARDO QUARESMA,26/09/1983,34,QUARESMA,Besiktas JK (TUR),175,73
Portugal,DF,CEDRIC,31/08/1991,26,CÉDRIC,Southampton FC (ENG),172,67
Portugal,GK,BETO,01/05/1982,36,BETO,Goztepe SK (TUR),183,79
Portugal,MF,ADRIEN SILVA,15/03/1989,29,ADRIEN,Leicester City FC (ENG),176,72
Russia,GK,AKINFEEV Igor,08/04/1986,32,AKINFEEV,CSKA Moscow (RUS),185,83
Russia,DF,MARIO FERNANDES,19/09/1990,27,FERNANDES,CSKA Moscow (RUS),187,79
Russia,DF,KUTEPOV Ilya,29/07/1993,24,KUTEPOV,FC Spartak Moscow (RUS),190,82
Russia,DF,IGNASHEVICH Sergey,14/07/1979,38,IGNASHEVICH,CSKA Moscow (RUS),186,84
Russia,DF,SEMENOV Andrey,24/03/1989,29,SEMENOV,FC Akhmat Grozny (RUS),191,87
Russia,MF,CHERYSHEV Denis,26/12/1990,27,CHERYSHEV,Villarreal CF (ESP),173,68
Russia,MF,KUZIAEV Daler,15/01/1993,25,KUZIAEV,FC Zenit St. Petersburg (RUS),182,74
Russia,MF,GAZINSKY Iury,20/07/1989,28,GAZINSKII,FC Krasnodar (RUS),180,75
Russia,MF,DZAGOEV Alan,17/06/1990,28,DZAGOEV,CSKA Moscow (RUS),178,73
Russia,FW,SMOLOV Fedor,09/02/1990,28,SMOLOV,FC Krasnodar (RUS),185,79
Russia,MF,ZOBNIN Roman,11/02/1994,24,ZOBNIN,FC Spartak Moscow (RUS),185,77
Russia,GK,LUNEV Andrei,13/11/1991,26,LUNEV,FC Zenit St. Petersburg (RUS),189,80
Russia,DF,KUDRIASHOV Fedor,05/04/1987,31,KUDRIASHOV,FC Rubin Kazan (RUS),187,78
Russia,DF,GRANAT Vladimir,22/05/1987,31,GRANAT,FC Rubin Kazan (RUS),184,80
Russia,MF,MIRANCHUK Alexey,17/10/1995,22,MIRANCHUK AL.,FC Lokomotiv Moscow (RUS),185,77
Russia,MF,MIRANCHUK Anton,17/10/1995,22,MIRANCHUK AN.,FC Lokomotiv Moscow (RUS),182,67
Russia,MF,GOLOVIN Aleksandr,30/05/1996,22,GOLOVIN,CSKA Moscow (RUS),178,70
Russia,MF,ZHIRKOV Yury,20/08/1983,34,ZHIRKOV,FC Zenit St. Petersburg (RUS),180,76
Russia,MF,SAMEDOV Alexander,19/07/1984,33,SAMEDOV,FC Spartak Moscow (RUS),178,74
Russia,GK,GABULOV Vladimir,19/10/1983,34,GABULOV,Club Brugge KV (BEL),190,81
Russia,MF,EROKHIN Aleksandr,13/10/1989,28,EROKHIN,FC Zenit St. Petersburg (RUS),191,79
Russia,FW,DZYUBA Artem,22/08/1988,29,DZYUBA,FC Arsenal Tula (RUS),196,90
Russia,DF,SMOLNIKOV Igor,08/08/1988,29,SMOLNIKOV,FC Zenit St. Petersburg (RUS),179,72
Saudi Arabia,GK,ABDULLAH ALMUAIOUF,23/01/1987,31,ABDULLAH,Al Hilal SFC (KSA),178,98
Saudi Arabia,DF,MANSOUR ALHARBI,19/10/1987,30,MANSOUR,Al Ahli SC (KSA),173,68
Saudi Arabia,DF,OSAMA HAWSAWI,31/03/1984,34,OSAMA,Al Hilal SFC (KSA),188,83
Saudi Arabia,DF,ALI ALBULAYHI,21/11/1989,28,ALI,Al Hilal SFC (KSA),182,83
Saudi Arabia,DF,OMAR OTHMAN,27/09/1985,32,OMAR,Al Nassr FC (KSA),185,76
Saudi Arabia,DF,MOHAMMED ALBURAYK,15/09/1992,25,ALBURAYK,Al Hilal SFC (KSA),173,61
Saudi Arabia,MF,SALMAN ALFARAJ,01/08/1989,28,SALMAN,Al Hilal SFC (KSA),179,63
Saudi Arabia,MF,YAHIA ALSHEHRI,26/06/1990,27,YAHIA,CD Leganés (ESP),165,63
Saudi Arabia,MF,HATAN BAHBIR,16/07/1992,25,HATAN,Al Shabab FC (KSA),170,66
Saudi Arabia,FW,MOHAMMED ALSAHLAWI,10/01/1987,31,ALSAHLAWI,Al Nassr FC (KSA),179,75
Saudi Arabia,MF,ABDULMALEK ALKHAIBRI,13/03/1986,32,ABDULMALEK,Al Hilal SFC (KSA),177,73
Saudi Arabia,MF,MOHAMED KANNO,22/09/1994,23,KANNO,Al Hilal SFC (KSA),192,73
Saudi Arabia,DF,YASIR ALSHAHRANI,25/05/1992,26,YASIR,Al Hilal SFC (KSA),170,63
Saudi Arabia,MF,ABDULLAH OTAYF,03/08/1992,25,OTAYF,Al Hilal SFC (KSA),177,66
Saudi Arabia,MF,ABDULLAH ALKHAIBARI,16/08/1996,21,ALKHAIBARI,Al Shabab FC (KSA),175,66
Saudi Arabia,MF,HUSSAIN ALMOQAHWI,24/03/1988,30,HUSSAIN,Al Ahli SC (KSA),174,76
Saudi Arabia,MF,TAISEER ALJASSAM,25/07/1984,33,TAISEER,Al Ahli SC (KSA),169,69
Saudi Arabia,MF,SALEM ALDAWSARI,19/08/1991,26,SALEM,Villarreal CF (ESP),174,68
Saudi Arabia,FW,FAHAD ALMUWALLAD,14/09/1994,23,FAHAD,Levante UD (ESP),168,65
Saudi Arabia,FW,MUHANNAD ASIRI,14/10/1986,31,MUHANNAD,Al Ahli SC (KSA),185,79
Saudi Arabia,GK,YASSER ALMOSAILEM,27/02/1984,34,ALMOSAILEM,Al Ahli SC (KSA),186,88
Saudi Arabia,GK,MOHAMMED ALOWAIS,10/10/1991,26,ALOWAIS,Al Ahli SC (KSA),187,79
Saudi Arabia,DF,MOTAZ HAWSAWI,17/02/1992,26,MOTAZ,Al Ahli SC (KSA),180,79
Senegal,GK,DIALLO Abdoulaye,30/03/1992,26,DIALLO,Stade Rennais FC (FRA),189,79
Senegal,DF,CISS Saliou,15/06/1989,29,CISS,Valenciennes FC (FRA),173,69
Senegal,DF,KOULIBALY Kalidou,20/06/1991,27,KOULIBALY,SSC Napoli (ITA),195,89
Senegal,DF,MBODJI Kara,22/11/1989,28,KARA,RSC Anderlecht (BEL),192,85
Senegal,MF,GUEYE Idrissa Gana,26/09/1989,28,GANA,Everton FC (ENG),174,64
Senegal,MF,SANE Salif,25/08/1990,27,S. SANE,Hannover 96 (GER),196,84
Senegal,FW,SOW Moussa,19/01/1986,32,SOW,Bursaspor (TUR),180,75
Senegal,MF,KOUYATE Cheikhou,21/12/1989,28,C. KOUYATE,West Ham United FC (ENG),189,75
Senegal,FW,DIOUF Mame,16/12/1987,30,M. DIOUF,Stoke City FC (ENG),185,81
Senegal,FW,MANE Sadio,10/04/1992,26,MANE,Liverpool FC (ENG),175,69
Senegal,MF,NDOYE Cheikh,29/03/1986,32,CH. NDOYE,Birmingham City FC (ENG),192,90
Senegal,DF,SABALY Youssouf,05/03/1993,25,SABALY,FC Girondins Bordeaux (FRA),174,71
Senegal,MF,NDIAYE Alfred,06/03/1990,28,A. NDIAYE,Wolverhampton Wanderers FC (ENG),186,80
Senegal,FW,KONATE Moussa,03/04/1993,25,KONATE,Amiens SC (FRA),180,78
Senegal,FW,SAKHO Diafra,24/12/1989,28,SAKHO,Stade Rennais FC (FRA),184,79
Senegal,GK,NDIAYE Khadim,05/04/1985,33,KH. NDIAYE,Horoya AC (GUI),185,80
Senegal,MF,NDIAYE Pape Alioune,27/10/1990,27,P.A. NDIAYE,Stoke City FC (ENG),181,74
Senegal,FW,SARR Ismaila,25/02/1998,20,ISMAÏLA,Stade Rennais FC (FRA),175,70
Senegal,FW,NIANG Mbaye,19/12/1994,23,NIANG,Torino FC (ITA),184,74
Senegal,FW,BALDE Keita,08/03/1995,23,KEÏTA BALDE,AS Monaco (FRA),181,77
Senegal,DF,GASSAMA Lamine,20/10/1989,28,GASSAMA,Adanaspor (TUR),181,74
Senegal,DF,WAGUE Moussa,04/10/1998,19,M. WAGUE,KAS Eupen (BEL),177,70
Senegal,GK,GOMIS Alfred,05/09/1993,24,GOMIS,SPAL Ferrara (ITA),196,80
Serbia,GK,STOJKOVIC Vladimir,28/07/1983,34,STOJKOVIĆ,FK Partizan (SRB),195,92
Serbia,DF,RUKAVINA Antonio,26/01/1984,34,RUKAVINA,Villarreal CF (ESP),177,71
Serbia,DF,TOSIC Dusko,19/01/1985,33,TOŠIĆ,Besiktas JK (TUR),185,79
Serbia,MF,MILIVOJEVIC Luka,07/04/1991,27,MILIVOJEVIĆ,Crystal Palace FC (ENG),186,80
Serbia,DF,SPAJIC Uros,13/02/1993,25,SPAJIĆ,RSC Anderlecht (BEL),188,82
Serbia,DF,IVANOVIC Branislav,22/02/1984,34,IVANOVIĆ,FC Zenit St. Petersburg (RUS),185,89
Serbia,MF,ZIVKOVIC Andrija,11/07/1996,21,ŽIVKOVIĆ,SL Benfica (POR),169,68
Serbia,FW,PRIJOVIC Aleksandar,21/04/1990,28,PRIJOVIĆ,PAOK FC (GRE),191,88
Serbia,FW,MITROVIC Aleksandar,16/09/1994,23,MITROVIĆ,Fulham FC (ENG),189,82
Serbia,MF,TADIC Dusan,20/11/1988,29,TADIĆ,Southampton FC (ENG),181,76
Serbia,DF,KOLAROV Aleksandar,10/11/1985,32,KOLAROV,AS Roma (ITA),187,83
Serbia,GK,RAJKOVIC Predrag,31/10/1995,22,RAJKOVIĆ,Maccabi Tel-Aviv FC (ISR),191,85
Serbia,DF,VELJKOVIC Milos,26/09/1995,22,VELJKOVIĆ,SV Werder Bremen (GER),188,77
Serbia,DF,RODIC Milan,02/04/1991,27,RODIĆ,FK Crvena Zvezda (SRB),185,69
Serbia,DF,MILENKOVIC Nikola,12/10/1997,20,MILENKOVIĆ,ACF Fiorentina (ITA),195,90
Serbia,MF,GRUJIC Marko,13/04/1996,22,GRUJIĆ,Cardiff City FC (WAL),190,82
Serbia,MF,KOSTIC Filip,01/11/1992,25,KOSTIĆ,Hamburger SV (GER),184,82
Serbia,FW,RADONJIC Nemanja,15/02/1996,22,RADONJIĆ,FK Crvena Zvezda (SRB),185,76
Serbia,FW,JOVIC Luka,23/12/1997,20,JOVIĆ,Eintracht Frankfurt (GER),181,75
Serbia,MF,MILINKOVIC-SAVIC Sergej,27/02/1995,23,SERGEJ,SS Lazio (ITA),192,76
Serbia,MF,MATIC Nemanja,01/08/1988,29,MATIĆ,Manchester United FC (ENG),194,86
Serbia,MF,LJAJIC Adem,29/09/1991,26,LJAJIĆ,Torino FC (ITA),182,74
Serbia,GK,DMITROVIC Marko,24/01/1992,26,DMITROVIĆ,SD Eibar (ESP),194,90
Spain,GK,DE GEA David,07/11/1990,27,DE GEA,Manchester United FC (ENG),190,71
Spain,DF,CARVAJAL Dani,11/01/1992,26,CARVAJAL,Real Madrid CF (ESP),173,73
Spain,DF,PIQUE Gerard,02/02/1987,31,PIQUÉ,FC Barcelona (ESP),194,85
Spain,DF,NACHO,18/01/1990,28,NACHO,Real Madrid CF (ESP),179,77
Spain,MF,BUSQUETS Sergio,16/07/1988,29,SERGIO,FC Barcelona (ESP),189,78
Spain,MF,INIESTA Andres,11/05/1984,34,A. INIESTA,FC Barcelona (ESP),171,68
Spain,MF,SAUL,21/11/1994,23,SAÚL,Atletico Madrid (ESP),183,76
Spain,MF,KOKE,08/01/1992,26,KOKE,Atletico Madrid (ESP),176,73
Spain,FW,RODRIGO,06/03/1991,27,RODRIGO M.,Valencia CF (ESP),182,72
Spain,MF,THIAGO,11/04/1991,27,THIAGO,FC Bayern München (GER),174,70
Spain,FW,VAZQUEZ Lucas,01/07/1991,26,LUCAS V.,Real Madrid CF (ESP),173,70
Spain,DF,ODRIOZOLA Alvaro,14/12/1995,22,ODRIOZOLA,Real Sociedad (ESP),178,67
Spain,GK,ARRIZABALAGA Kepa,03/10/1994,23,ARRIZABALAGA,Athletic Bilbao (ESP),189,84
Spain,DF,AZPILICUETA Cesar,28/08/1989,28,AZPILICUETA,Chelsea FC (ENG),178,78
Spain,DF,RAMOS Sergio,30/03/1986,32,RAMOS,Real Madrid CF (ESP),183,75
Spain,DF,MONREAL Nacho,26/02/1986,32,MONREAL,Arsenal FC (ENG),179,72
Spain,FW,ASPAS Iago,01/08/1987,30,IAGO ASPAS,Celta Vigo (ESP),176,67
Spain,DF,ALBA Jordi,21/03/1989,29,JORDI ALBA,FC Barcelona (ESP),170,68
Spain,FW,COSTA Diego,07/10/1988,29,DIEGO COSTA,Atletico Madrid (ESP),185,86
Spain,MF,ASENSIO Marco,21/01/1996,22,ASENSIO,Real Madrid CF (ESP),182,76
Spain,FW,SILVA David,08/01/1986,32,SILVA,Manchester City FC (ENG),170,67
Spain,MF,ISCO,21/04/1992,26,ISCO,Real Madrid CF (ESP),176,74
Spain,GK,REINA Pepe,31/08/1982,35,REINA,SSC Napoli (ITA),188,92
Sweden,GK,OLSEN Robin,08/01/1990,28,OLSEN,FC Kobenhavn (DEN),198,89
Sweden,DF,LUSTIG Mikael,13/12/1986,31,LUSTIG,Celtic FC (SCO),189,77
Sweden,DF,LINDELOF Victor,17/07/1994,23,LINDELÖF,Manchester United FC (ENG),187,81
Sweden,DF,GRANQVIST Andreas,16/04/1985,33,GRANQVIST,FC Krasnodar (RUS),192,84
Sweden,DF,OLSSON Martin,17/05/1988,30,OLSSON,Swansea City AFC (WAL),177,81
Sweden,DF,AUGUSTINSSON Ludwig,21/04/1994,24,AUGUSTINSSON,SV Werder Bremen (GER),181,76
Sweden,MF,LARSSON Sebastian,06/06/1985,33,LARSSON,Hull City FC (ENG),178,70
Sweden,MF,EKDAL Albin,28/07/1989,28,EKDAL,Hamburger SV (GER),186,75
Sweden,FW,BERG Marcus,17/08/1986,31,BERG,Al Ain FC (UAE),183,76
Sweden,MF,FORSBERG Emil,23/10/1991,26,FORSBERG,RB Leipzig (GER),179,78
Sweden,FW,GUIDETTI John,15/04/1992,26,GUIDETTI,Deportivo Alavés (ESP),185,79
Sweden,GK,JOHNSSON Karl-Johan,28/01/1990,28,JOHNSSON,EA Guingamp (FRA),187,83
Sweden,MF,SVENSSON Gustav,07/02/1987,31,SVENSSON,Seattle Sounders FC (USA),183,77
Sweden,DF,HELANDER Filip,22/04/1993,25,HELANDER,Bologna FC (ITA),192,83
Sweden,MF,HILJEMARK Oscar,28/06/1992,25,HILJEMARK,Genoa CFC (ITA),184,73
Sweden,DF,KRAFTH Emil,02/08/1994,23,KRAFTH,Bologna FC (ITA),181,72
Sweden,MF,CLAESSON Viktor,02/01/1992,26,CLAESSON,FC Krasnodar (RUS),183,79
Sweden,DF,JANSSON Pontus,13/02/1991,27,JANSSON,Leeds United FC (ENG),194,89
Sweden,MF,ROHDEN Marcus,11/05/1991,27,ROHDÉN,FC Crotone (ITA),182,76
Sweden,FW,TOIVONEN Ola,03/07/1986,31,TOIVONEN,Toulouse FC (FRA),192,78
Sweden,MF,DURMAZ Jimmy,22/03/1989,29,DURMAZ,Toulouse FC (FRA),180,69
Sweden,FW,THELIN Isaac Kiese,24/06/1992,25,KIESE THELIN,KV Waasland-Beveren (BEL),189,83
Sweden,GK,NORDFELDT Kristoffer,23/06/1989,29,NORDFELDT,Swansea City AFC (WAL),190,85
Switzerland,GK,SOMMER Yann,17/12/1988,29,SOMMER,VfL Borussia Mönchengladbach (GER),183,81
Switzerland,DF,LICHTSTEINER Stephan,16/01/1984,34,LICHTSTEINER,Juventus FC (ITA),181,77
Switzerland,DF,MOUBANDJE Francois,21/06/1990,28,MOUBANDJE,Toulouse FC (FRA),180,76
Switzerland,DF,ELVEDI Nico,30/09/1996,21,ELVEDI,VfL Borussia Mönchengladbach (GER),187,77
Switzerland,DF,AKANJI Manuel,19/07/1995,22,AKANJI,Borussia Dortmund (GER),186,85
Switzerland,DF,LANG Michael,08/02/1991,27,LANG,FC Basel (SUI),185,78
Switzerland,FW,EMBOLO Breel,14/02/1997,21,EMBOLO,FC Schalke 04 (GER),184,86
Switzerland,MF,FREULER Remo,15/04/1992,26,FREULER,Atalanta Bergamo (ITA),181,75
Switzerland,FW,SEFEROVIC Haris,22/02/1992,26,SEFEROVIC,SL Benfica (POR),186,88
Switzerland,MF,XHAKA Granit,27/09/1992,25,XHAKA,Arsenal FC (ENG),183,82
Switzerland,MF,BEHRAMI Valon,19/04/1985,33,BEHRAMI,Udinese Calcio (ITA),184,78
Switzerland,GK,MVOGO Yvon,06/06/1994,24,MVOGO,RB Leipzig (GER),186,84
Switzerland,DF,RODRIGUEZ Ricardo,25/08/1992,25,RODRIGUEZ,AC Milan (ITA),180,79
Switzerland,MF,ZUBER Steven,17/08/1991,26,ZUBER,TSG 1899 Hoffenheim (GER),182,79
Switzerland,MF,DZEMAILI Blerim,12/04/1986,32,DZEMAILI,Bologna FC (ITA),180,77
Switzerland,MF,FERNANDES Gelson,02/09/1986,31,G. FERNANDES,Eintracht Frankfurt (GER),180,72
Switzerland,MF,ZAKARIA Denis,20/11/1996,21,ZAKARIA,VfL Borussia Mönchengladbach (GER),189,77
Switzerland,FW,GAVRANOVIC Mario,24/11/1989,28,GAVRANOVIC,GNK Dinamo Zagreb (CRO),175,75
Switzerland,FW,DRMIC Josip,08/08/1992,25,DRMIC,VfL Borussia Mönchengladbach (GER),184,78
Switzerland,DF,DJOUROU Johan,18/01/1987,31,DJOUROU,Antalyaspor AS (TUR),192,90
Switzerland,GK,BUERKI Roman,14/11/1990,27,BÜRKI,Borussia Dortmund (GER),188,83
Switzerland,DF,SCHAER Fabian,20/12/1991,26,SCHÄR,Deportivo La Coruña (ESP),186,83
Switzerland,MF,SHAQIRI Xherdan,10/10/1991,26,SHAQIRI,Stoke City FC (ENG),165,78
Tunisia,GK,BEN MUSTAPHA Farouk,01/07/1989,28,BEN MUSTAPHA,Al Shabab FC (KSA),192,85
Tunisia,DF,BEN YOUSSEF Syam,31/03/1989,29,BEN YOUSSEF .S,Kasimpasa SK (TUR),189,87
Tunisia,DF,BEN ALOUANE Yohan,28/03/1987,31,BEN ALOUANE,Leicester City FC (ENG),185,75
Tunisia,DF,MERIAH Yassine,02/07/1993,24,MERIAH,CS Sfaxien (TUN),183,70
Tunisia,DF,HADDADI Oussama,28/01/1992,26,HADDADI,Dijon FCO (FRA),185,76
Tunisia,DF,BEDOUI Rami,19/01/1990,28,BEDOUI,Étoile du Sahel (TUN),187,77
Tunisia,FW,KHAOUI Saifeddine,27/04/1995,23,KHAOUI,ES Troyes (FRA),180,76
Tunisia,FW,BEN YOUSSEF Fakhreddine,23/06/1991,27,BEN YOUSSEF .F,Al Ittifaq FC (KSA),189,80
Tunisia,MF,BADRI Anice,18/09/1990,27,BADRI,ES Tunis (TUN),178,70
Tunisia,FW,KHAZRI Wahbi,08/02/1991,27,KHAZRI,Stade Rennais FC (FRA),182,76
Tunisia,DF,BRONN Dylan,19/06/1995,23,BRONN,KAA Gent (BEL),186,75
Tunisia,DF,MAALOUL Ali,01/01/1990,28,MAALOUL,Al Ahly SC (EGY),170,72
Tunisia,MF,SASSI Ferjani,18/03/1992,26,SASSI,Al Nassr FC (KSA),186,80
Tunisia,MF,BEN AMOR Mohamed,03/05/1992,26,BEN AMOR,Al Ahli SC (KSA),180,75
Tunisia,FW,KHALIL Ahmed,21/12/1994,23,KHALIL,Club Africain (TUN),187,75
Tunisia,GK,MATHLOUTHI Aymen,14/09/1984,33,MATHLOUTHI .A,Al Batin FC (KSA),182,84
Tunisia,MF,SKHIRI Ellyes,10/05/1995,23,SKHIRI JORIS,Montpellier HSC (FRA),185,69
Tunisia,FW,SRARFI Bassem,25/06/1997,20,SRARFI,OGC Nice (FRA),176,71
Tunisia,FW,KHALIFA Saber,14/10/1986,31,KHALIFA,Club Africain (TUN),185,72
Tunisia,FW,CHAALELI Ghaylen,28/02/1994,24,CHAALELI,ES Tunis (TUN),179,70
Tunisia,DF,NAGUEZ Hamdi,28/10/1992,25,NAGUEZ,Zamalek (EGY),186,75
Tunisia,GK,HASSEN Mouez,05/03/1995,23,HASSEN,LB Chateauroux (FRA),186,70
Tunisia,FW,SLITI Naim,27/07/1992,25,SLITI,Dijon FCO (FRA),173,65
Uruguay,GK,MUSLERA Fernando,16/06/1986,32,F. MUSLERA,Galatasaray SK (TUR),190,74
Uruguay,DF,GIMENEZ Jose,20/01/1995,23,J.M. GIMENEZ,Atletico Madrid (ESP),185,77
Uruguay,DF,GODIN Diego,16/02/1986,32,D. GODIN,Atletico Madrid (ESP),185,73
Uruguay,DF,VARELA Guillermo,24/03/1993,25,G. VARELA,CA Penarol (URU),173,70
Uruguay,MF,SANCHEZ Carlos,02/12/1984,33,C. SANCHEZ,CF Monterrey (MEX),171,74
Uruguay,MF,BENTANCUR Rodrigo,25/06/1997,20,R. BENTANCUR,Juventus FC (ITA),187,73
Uruguay,MF,RODRIGUEZ Cristian,30/09/1985,32,C. RODRIGUEZ,CA Penarol (URU),178,79
Uruguay,MF,NANDEZ Nahitan,28/12/1995,22,N. NANDEZ,CA Boca Juniors (ARG),171,61
Uruguay,FW,SUAREZ Luis,24/01/1987,31,L. SUAREZ,FC Barcelona (ESP),182,85
Uruguay,FW,DE ARRASCAETA Giorgian,01/06/1994,24,G. DE ARRASCAETA,Cruzeiro EC (BRA),172,64
Uruguay,FW,STUANI Cristhian,12/10/1986,31,C. STUANI,Girona FC (ESP),186,78
Uruguay,GK,CAMPANA Martin,29/05/1989,29,M. CAMPAÑA,CA Independiente (ARG),184,79
Uruguay,DF,SILVA Gaston,05/03/1994,24,G. SILVA,CA Independiente (ARG),185,74
Uruguay,MF,TORREIRA Lucas,11/02/1996,22,L. TORREIRA,UC Sampdoria (ITA),168,61
Uruguay,MF,VECINO Matias,24/08/1991,26,M. VECINO,FC Internazionale (ITA),189,80
Uruguay,DF,PEREIRA Maximiliano,08/06/1984,34,M. PEREIRA,FC Porto (POR),173,73
Uruguay,MF,LAXALT Diego,07/02/1993,25,D. LAXALT,Genoa CFC (ITA),178,66
Uruguay,FW,GOMEZ Maximiliano,14/08/1996,21,M. GOMEZ,Celta Vigo (ESP),186,85
Uruguay,DF,COATES Sebastian,07/10/1990,27,S. COATES,Sporting CP (POR),196,89
Uruguay,FW,URRETAVISCAYA Jonathan,19/03/1990,28,J. URRETAVISCAYA,CF Monterrey (MEX),172,66
Uruguay,FW,CAVANI Edinson,14/02/1987,31,E. CAVANI,Paris Saint-Germain FC (FRA),188,78
Uruguay,DF,CACERES Martin,07/04/1987,31,M. CACERES,SS Lazio (ITA),178,75
Uruguay,GK,SILVA Martin,25/03/1983,35,M. SILVA,CR Vasco da Gama (BRA),187,82